ProviderID,ProviderName,Specialization,DeptID,Phone,Email,HireDate
P0001,Wendy Buck,General Physician,D015,942.792.3816x99735,gordonmullen@example.com,2024-06-30
P0002,Kathleen Armstrong,Emergency Physician,D012,001-813-710-1949x144,debra01@example.org,2026-03-13
P0003,Jessica Rivera,Pulmonologist,D014,+1-844-570-1212x429,mikayla89@example.org,2024-09-09
P0004,William Taylor,Pulmonologist,D001,001-701-401-9708,lgoodwin@example.org,2026-04-15
P0005,Amanda Keller,Ophthalmologist,D007,+1-339-562-7097x858,michael60@example.org,2017-07-10
P0006,Andrew Rodriguez,Nephrologist,D014,234-216-7659x059,berryjoel@example.com,2026-05-15
P0007,Randy Berger,General Physician,D004,897.519.4263,clewis@example.com,2017-07-22
P0008,Yvette Novak,Radiologist,D009,(494)927-7819x90440,rodriguezjeffrey@example.com,2026-03-17
P0009,Brent Johnson,Radiologist,D008,+1-514-757-1845,heather95@example.com,2018-03-30
P0010,Maria Moore,Pulmonologist,D002,(341)399-1196,john22@example.net,2026-04-05
P0011,Darlene Bailey,Urologist,D002,2098049681,rachel52@example.com,2026-07-28
P0012,Carl Wright,Dermatologist,D004,+1-920-564-3247,estark@example.net,2023-08-24
P0013,Harold Collins,Urologist,D004,(852)944-8507x86095,zhoward@example.org,2025-12-03
P0014,Patrick Graves DDS,Dermatologist,D001,001-337-775-5039x8677,kayla39@example.com,2018-07-13
P0015,Henry Bailey,Urologist,D005,(435)661-4963,bellis@example.org,2025-06-24
P0016,Ashley White,Nephrologist,D006,001-891-369-8112x76270,obrienjorge@example.com,2022-01-02
P0017,Leah Cox,Pulmonologist,D011,623-471-8452x771,mcox@example.org,2019-05-25
P0018,Gina Harris,Pediatrician,D005,(998)921-5622x78990,jonathan00@example.com,2024-05-08
P0019,Jennifer Nelson,Oncologist,D001,635.963.7745x4990,lindabarry@example.net,2021-01-10
P0020,Barbara Carr,Urologist,D012,5212321293,ashley77@example.org,2020-12-07
P0021,Eric Mcdonald,Urologist,D009,583-539-6542,bennettemily@example.net,2021-06-17
P0022,Anna Chambers,Dermatologist,D013,4279132111,delgadomichael@example.com,2022-11-28
P0023,Jeremy Espinoza,Pulmonologist,D002,001-784-691-3937x029,watsoncraig@example.com,2026-04-23
P0024,Jaime King,Pulmonologist,D008,937-623-4322x8371,bonnie91@example.net,2018-08-28
P0025,Christopher Martin,Radiologist,D014,523.731.9257x50418,thomashiggins@example.net,2025-09-26
P0026,Barbara Jones,Neurologist,D013,+1-536-919-2529x836,fthompson@example.net,2019-12-24
P0027,Brian Huffman,Emergency Physician,D008,+1-882-588-9661x4635,haroldmitchell@example.com,2023-04-02
P0028,Mary Sosa,Gastroenterologist,D016,761.753.2231x4013,pageanthony@example.com,2018-05-31
P0029,Wendy Roberts,Gastroenterologist,D012,(355)384-8422,yhuber@example.com,2025-02-09
P0030,Donald Williams,Oncologist,D003,+1-479-506-7752x955,lewisstephanie@example.com,2017-01-22
P0031,Cindy Lynch,Psychiatrist,D002,+1-576-266-7927,nancy90@example.com,2021-10-20
P0032,Henry Petersen,Radiologist,D015,310-278-9123x56291,brownlinda@example.org,2025-03-28
P0033,Joshua Rocha,Psychiatrist,D015,(462)760-0067,brianmoses@example.com,2017-01-14
P0034,Mary Wright,Ophthalmologist,D002,765-445-4768x888,karinamooney@example.org,2025-09-06
P0035,Janice Kent,Pediatrician,D010,001-234-877-0074,elizabeth48@example.org,2022-10-11
P0036,Julie Martin,Radiologist,D016,771.246.8138x248,douglasgrant@example.net,2021-05-16
P0037,Kelly Jones,Oncologist,D016,(452)335-3334x664,dharris@example.com,2023-01-06
P0038,Jessica Freeman,Emergency Physician,D011,+1-826-802-6751x655,ldaniels@example.org,2021-01-16
P0039,John Johnson,Urologist,D001,481.261.7312,btate@example.com,2021-01-08
P0040,Brianna Palmer,Ophthalmologist,D011,2553514380,walterscatherine@example.net,2017-06-28
P0041,Christy Lawson,Ophthalmologist,D006,7317505480,khernandez@example.net,2026-08-28
P0042,John Frank,Dermatologist,D013,+1-806-507-5683,davisjennifer@example.com,2019-05-31
P0043,Christopher Medina,Ophthalmologist,D001,946.928.7305,owatts@example.org,2019-07-14
P0044,Katherine Rodriguez,Ophthalmologist,D014,(689)363-5565x6241,taylorlaura@example.com,2020-06-24
P0045,Nicole Russell,Oncologist,D013,606.429.5994x643,wendy17@example.com,2023-05-11
P0046,Heidi Mosley,Nephrologist,D013,(954)472-1803,christopherduncan@example.com,2024-01-05
P0047,Jared Wiley,Gastroenterologist,D007,9339676219,tara43@example.org,2026-06-04
P0048,Eric Walker,Cardiologist,D012,(430)973-8878,pacejoseph@example.com,2020-08-01
P0049,Tammy Powell,Neurologist,D006,+1-751-534-8508x203,andrew19@example.com,2020-05-26
P0050,Jeff Smith,Pediatrician,D011,846-254-0587,glee@example.net,2022-06-04
P0051,Sylvia Weaver,ENT Specialist,D013,569-839-5572x053,zhayes@example.org,2017-12-16
P0052,James Cook,ENT Specialist,D005,5886802939,mgarcia@example.net,2018-10-04
P0053,Larry Miller,Urologist,D003,(689)892-9850,perryjeremy@example.net,2019-09-02
P0054,Jose Ferguson,Dermatologist,D001,895-430-6522,steven65@example.net,2019-07-05
P0055,James Rogers,Urologist,D006,(389)314-4302x899,stephanie35@example.com,2017-09-13
P0056,Katelyn Reynolds MD,Orthopedic,D001,476-897-5071,matthewcochran@example.com,2026-07-15
P0057,Benjamin Koch,Urologist,D004,655-367-8596x44090,cindy21@example.com,2017-08-19
P0058,Tina Wong,Gastroenterologist,D007,(677)591-5633x9816,djames@example.com,2016-11-25
P0059,Brittney Serrano,Oncologist,D014,4085590324,wilsonmichael@example.net,2025-02-05
P0060,Jessica Sherman,Cardiologist,D012,2654085969,qmorris@example.net,2020-06-21
P0061,John Brown,Pediatrician,D014,598-760-8159x71654,daniel35@example.com,2021-06-17
P0062,Brian Oliver,ENT Specialist,D016,411-821-8873x0072,juliegarcia@example.com,2024-08-01
P0063,Sarah Young,Ophthalmologist,D001,001-412-800-6782x082,elizabeth47@example.org,2024-02-14
P0064,Robin Roberts,Gastroenterologist,D014,(933)808-7413,mspencer@example.org,2018-08-26
P0065,Michael Carroll,Nephrologist,D010,(299)994-3561,shaunreynolds@example.org,2017-08-05
P0066,Charles Robinson,Pulmonologist,D012,001-358-346-8569x4432,sdonovan@example.org,2021-09-02
P0067,Antonio Thompson,Psychiatrist,D005,(390)958-1965x2572,mark31@example.org,2019-03-10
P0068,Omar Nash,Ophthalmologist,D003,001-799-504-4995x95794,tammy91@example.net,2026-04-19
P0069,Leah Gutierrez,Gastroenterologist,D004,(820)516-5871x1184,wellsnicole@example.net,2017-07-09
P0070,Chad Norman,Radiologist,D008,754-421-9580x35363,matthew29@example.org,2022-06-19
P0071,Melissa Avery,Gastroenterologist,D007,+1-301-618-0830x47892,wbell@example.com,2017-05-20
P0072,Jeremy Wilson,General Physician,D016,(717)736-7415x4365,garciaharold@example.org,2021-01-22
P0073,Barbara Burch,Cardiologist,D010,001-811-474-0369x017,brandonfoster@example.net,2020-07-01
P0074,Ashley Villegas,Ophthalmologist,D014,(382)630-0032x628,micheledaniel@example.net,2021-04-26
P0075,Miguel Flores,ENT Specialist,D014,676.949.3495,berrymary@example.org,2024-01-02
P0076,Jeffrey Wagner,Psychiatrist,D016,377-633-5254x303,johnsonbradley@example.net,2025-04-29
P0077,Tammy Henderson,Gastroenterologist,D010,001-894-553-3162,tracybrown@example.org,2022-07-08
P0078,Amanda Patel,Cardiologist,D011,+1-592-512-4284x6367,mjohnson@example.net,2022-06-05
P0079,Steven Pace,Pediatrician,D014,001-229-576-4991,eric62@example.com,2023-10-18
P0080,Deanna Bishop,Radiologist,D002,899.748.6365,haynesmatthew@example.net,2024-04-27
P0081,Justin Cole,Oncologist,D008,733-675-4515x24390,lopezwilliam@example.net,2017-08-13
P0082,Amanda Reyes,Urologist,D014,(419)691-1120x595,jesparza@example.net,2025-08-14
P0083,Christie Williams,Pediatrician,D007,(899)503-5253x001,martinjoseph@example.org,2018-12-18
P0084,Robert Hahn,Ophthalmologist,D007,339.995.9044x480,coreywallace@example.com,2019-01-18
P0085,William Wallace,Neurologist,D007,726-401-0715x65233,taylorcarlos@example.com,2018-03-16
P0086,Joyce Walls,Oncologist,D012,+1-660-793-9150x6149,xmcgrath@example.net,2021-12-27
P0087,Melissa Patton,Radiologist,D009,574.343.6339x0352,sierralewis@example.org,2017-12-28
P0088,William Montes DDS,Gastroenterologist,D006,398-350-9817x04673,ihernandez@example.com,2019-02-13
P0089,Stacey Hall,Gastroenterologist,D012,001-508-735-3135x49416,suzanne02@example.com,2017-11-17
P0090,Anthony Jones,Urologist,D005,(816)787-1303,hornchristopher@example.org,2017-06-10
P0091,James Fisher,Dermatologist,D014,(342)656-8211x1174,opage@example.net,2019-01-19
P0092,Mary Lin,Pediatrician,D013,240-879-7748x439,mcdonalddenise@example.net,2020-01-24
P0093,Amanda Ortiz,General Physician,D015,+1-369-347-0739,dcarter@example.com,2019-07-11
P0094,Julie Baker,Emergency Physician,D011,4524437744,michaelsingh@example.com,2026-03-21
P0095,Dustin Wells,Radiologist,D001,853.293.8171,sarahpruitt@example.org,2025-10-30
P0096,Laura Allen,Emergency Physician,D016,672-839-9774x48028,parkerdavid@example.net,2024-11-24
P0097,Corey Adams,Oncologist,D005,(922)844-3977x5864,felicia53@example.com,2017-04-08
P0098,Patrick Rivera,General Physician,D016,(494)793-7761x8469,erica60@example.com,2022-05-17
P0099,Sarah Ferrell,Psychiatrist,D011,675.573.7596x04506,madison71@example.net,2019-04-03
P0100,Dalton Fowler,Gastroenterologist,D014,9786137838,amy51@example.org,2018-08-23
P0101,Terry Thompson,Neurologist,D009,001-439-581-6695x95485,courtneyrice@example.com,2017-09-26
P0102,Rodney Anderson,Orthopedic,D003,001-803-846-4086x63841,hillcourtney@example.com,2017-03-19
P0103,Megan Robinson,Oncologist,D011,891-860-1916x0275,maria04@example.org,2019-11-18
P0104,Brad Wang,Dermatologist,D010,255.475.6468x22454,veronicadavis@example.com,2017-03-25
P0105,Diana Murray,Nephrologist,D013,716.400.3437x68129,nathan80@example.net,2023-07-07
P0106,Jenny Roberts,Emergency Physician,D014,(923)455-1792,darrell83@example.net,2019-10-23
P0107,Adam Sanchez,Dermatologist,D003,779-476-3099x49968,vmiles@example.com,2023-04-27
P0108,Tammy Sparks,Cardiologist,D014,+1-234-998-6601x5551,toddyoung@example.net,2017-01-31
P0109,Daniel Pham,Ophthalmologist,D010,001-337-785-2629,nadkins@example.net,2018-02-12
P0110,Brianna Rasmussen,Nephrologist,D016,3629272721,kenneth38@example.net,2025-10-10
P0111,Steve Jones,Cardiologist,D006,5432181139,ashleymullins@example.org,2020-02-16
P0112,Amber Sanchez,Pediatrician,D010,(536)671-3286x953,lindseychristine@example.com,2023-07-13
P0113,Ryan Allen,Oncologist,D005,478-979-8196x0124,christopher91@example.net,2026-03-03
P0114,Tanya Taylor,Emergency Physician,D005,(330)634-8006x554,ilambert@example.org,2019-11-16
P0115,Amanda Jones,General Physician,D007,811.660.6155,emosley@example.org,2018-07-02
P0116,Tyler Hall,General Physician,D013,001-952-779-4269x10165,loriortega@example.com,2023-10-21
P0117,Daniel Freeman,Urologist,D013,909.447.8493x3125,paul77@example.com,2024-07-28
P0118,Debra Sanchez,Cardiologist,D010,714-490-7856x4781,sgarza@example.org,2019-02-02
P0119,Bradley Pena,Radiologist,D012,862.823.1654x49424,rburke@example.org,2022-11-10
P0120,Michelle Jones,Dermatologist,D010,001-707-421-6293,emilyparker@example.net,2025-08-09
P0121,Jose Love,Psychiatrist,D015,001-703-494-6754,baldwinstephanie@example.org,2018-10-31
P0122,Jessica Nolan,General Physician,D005,+1-529-983-0403x24786,holly30@example.org,2019-09-06
P0123,Michael Ho,Nephrologist,D003,6884210829,daniellevillarreal@example.net,2021-07-03
P0124,April White,Psychiatrist,D004,930-688-5690x102,kellydavid@example.org,2025-10-08
P0125,Amanda Bradshaw,Oncologist,D011,+1-283-337-3247x54080,gallegostonya@example.org,2018-06-24
P0126,Lisa Perry,Urologist,D004,9612201566,mariacantu@example.org,2022-05-01
P0127,April Vargas,Cardiologist,D013,(269)278-0897,daviesadam@example.com,2018-01-10
P0128,Justin Collins,General Physician,D016,001-859-717-8310x766,csnyder@example.net,2018-12-16
P0129,Paul Gonzales,Emergency Physician,D008,991-813-9421,jacobblanchard@example.org,2023-04-28
P0130,Jennifer Bennett,Gastroenterologist,D010,669.400.1712x901,lisaburton@example.net,2025-10-10
P0131,Amber Torres,Pulmonologist,D004,001-497-574-0023x5863,jillianroy@example.org,2023-01-22
P0132,Joshua Dean,ENT Specialist,D014,(421)845-4789x14190,jhughes@example.com,2018-02-23
P0133,Maria Davis,Oncologist,D002,001-346-941-9605x53208,xwalker@example.org,2018-04-24
P0134,Deanna Smith,Neurologist,D008,656.226.4519,sjames@example.com,2023-08-23
P0135,Martha Romero,Orthopedic,D011,(582)674-1279,charles46@example.com,2020-12-12
P0136,Jason Dawson,Oncologist,D015,+1-405-787-1367x0109,diana59@example.com,2019-02-07
P0137,Cindy Rollins,General Physician,D014,418-948-9507x143,eharrison@example.com,2024-12-29
P0138,Stephanie Martinez,Nephrologist,D010,641-747-9209x53458,alvarezjane@example.com,2020-11-11
P0139,Shannon Daniels,Radiologist,D004,835.855.4874,ericalexander@example.org,2025-02-17
P0140,Carol Andrews,Orthopedic,D005,(875)975-5367,michael44@example.net,2025-04-20
P0141,William Strong,Gastroenterologist,D012,894.704.7337x077,ntownsend@example.org,2023-08-29
P0142,Rhonda Frazier,Cardiologist,D007,4032979505,martinlisa@example.org,2026-07-10
P0143,Sarah Young,Nephrologist,D003,001-963-402-2453x1601,jacobsonjermaine@example.com,2018-07-02
P0144,Kayla Daniels,Gastroenterologist,D007,001-737-314-8168,dmitchell@example.org,2024-06-24
P0145,Melissa Rodriguez,General Physician,D006,477-845-1971,ericaheath@example.com,2022-01-11
P0146,Travis Black,Dermatologist,D014,+1-680-804-4316,rarmstrong@example.org,2017-07-18
P0147,John Martinez,General Physician,D016,+1-500-632-3994x0566,hugheschris@example.org,2019-02-15
P0148,Erica Ayala,Pediatrician,D009,001-651-884-1017x510,sandra85@example.net,2023-05-10
P0149,Joe Smith,Nephrologist,D014,001-491-750-6560x9542,hallsarah@example.net,2017-06-17
P0150,Timothy Valenzuela,Dermatologist,D001,001-762-205-9489x84705,cardenascolleen@example.org,2020-09-01
P0151,Jasmine Wilkerson,ENT Specialist,D009,913.402.3879x733,cgrant@example.net,2018-05-09
P0152,Monica Zamora,Dermatologist,D012,5438574166,dawnjohnson@example.org,2019-10-09
P0153,Deborah Weber,Dermatologist,D015,(405)317-2015,matthew27@example.org,2022-09-25
P0154,Austin Nelson,Radiologist,D006,703.373.1485x08853,gfigueroa@example.com,2024-11-20
P0155,Nicole Oneal,Neurologist,D004,001-836-380-5974,gonzalezsherri@example.net,2018-01-04
P0156,Paul Medina,Ophthalmologist,D001,786-219-0031,khanbrenda@example.org,2021-01-01
P0157,Hannah French,Urologist,D009,(323)953-2364x4642,ithompson@example.com,2020-10-27
P0158,Rebecca Robinson,Urologist,D013,+1-352-788-8729x73903,walterchristopher@example.org,2026-08-03
P0159,Savannah Thompson,Gastroenterologist,D003,001-854-215-1204,irogers@example.com,2023-03-24
P0160,Brian Jones,Pediatrician,D001,001-894-259-7176x0286,clayfrederick@example.org,2016-11-03
P0161,Joseph Ochoa,Radiologist,D007,(676)545-4666x31380,greenegeorge@example.net,2025-11-01
P0162,Nicholas Harris,Pediatrician,D010,705.993.3931,rebeccaharmon@example.net,2025-06-15
P0163,William Salazar,Orthopedic,D008,514.429.2508,jessicaedwards@example.org,2023-07-19
P0164,Justin Garcia,Neurologist,D011,001-656-647-5621x3101,escobarpatricia@example.net,2017-06-30
P0165,Susan White,ENT Specialist,D013,2859289605,mdaugherty@example.net,2024-11-07
P0166,Christopher Oliver,Nephrologist,D016,326.445.8184,qsmith@example.net,2017-06-27
P0167,Bernard Turner,ENT Specialist,D016,579.921.6793x90947,kathleen22@example.com,2023-02-23
P0168,Patricia Parker,Oncologist,D001,(204)575-1590x8838,sergioaguirre@example.org,2017-03-07
P0169,Patrick Hawkins,Pediatrician,D005,404.797.6715,daniel67@example.net,2018-03-20
P0170,Vincent Ross,Cardiologist,D006,295-933-1074x0785,walkerkrystal@example.com,2023-03-08
P0171,Robert Miller,Pediatrician,D001,(395)402-5638x28737,russelldavid@example.net,2026-08-28
P0172,Gregory Maxwell,Oncologist,D010,001-996-502-0134,merrittjennifer@example.org,2021-02-12
P0173,Brandon Orr,Dermatologist,D009,+1-418-454-8293x490,sandrasmall@example.com,2023-02-18
P0174,Jennifer Sherman,General Physician,D010,947.799.8435,bruce30@example.org,2026-05-17
P0175,Gabriel Smith,Cardiologist,D014,(358)865-2312x954,justinmassey@example.net,2025-08-18
P0176,Kristen Bauer,Emergency Physician,D006,001-243-984-8521x334,ogutierrez@example.net,2023-12-08
P0177,John Cruz,Neurologist,D005,001-870-998-3374x234,kdavis@example.net,2020-07-28
P0178,Allison Cruz,Dermatologist,D001,490.913.2931x525,jenkinssara@example.org,2016-09-17
P0179,Dennis Rogers,Psychiatrist,D008,545-274-2280x3257,kevingarcia@example.com,2026-08-19
P0180,Kimberly Jacobs,Oncologist,D002,2917570957,ashleyclark@example.net,2022-10-03
P0181,Suzanne Cox,Cardiologist,D002,001-305-766-6364x079,emilynoble@example.com,2020-12-17
P0182,Dr. Autumn Mills,Psychiatrist,D002,001-271-484-5554,munozdavid@example.com,2022-03-21
P0183,Kathleen Chung,Ophthalmologist,D007,+1-246-927-0967x361,gina47@example.com,2019-05-04
P0184,Ann Le,Radiologist,D015,(580)820-7664x61489,bullockcharles@example.org,2024-05-11
P0185,Christopher Fuentes,Psychiatrist,D016,254.761.6673x149,meaganhart@example.com,2026-05-02
P0186,Cristian Bailey,ENT Specialist,D007,766-441-0173,kimberlymaddox@example.net,2018-07-16
P0187,Timothy Ortiz,Oncologist,D013,001-760-738-2253x001,htaylor@example.com,2022-07-22
P0188,James Dean,Neurologist,D010,853-794-7145,teresaevans@example.org,2016-12-27
P0189,Theresa Dixon,Psychiatrist,D013,(431)857-2478x902,brettsnyder@example.net,2017-04-02
P0190,Eugene Johnson,Gastroenterologist,D016,5103539125,walkercarla@example.net,2020-02-01
P0191,Jason Hall,Emergency Physician,D004,(569)201-2819x492,kmosley@example.com,2018-01-15
P0192,Nicholas Harris,Gastroenterologist,D010,001-893-531-5386x1934,omarks@example.com,2023-09-09
P0193,Nicole Clark,Neurologist,D008,+1-768-915-5266,hendersonbrent@example.org,2022-08-07
P0194,Kendra Melton,Oncologist,D009,231.375.3724,dennisthomas@example.org,2017-03-27
P0195,Mary Smith,Pulmonologist,D004,+1-926-354-7501x7160,qwalter@example.com,2018-12-15
P0196,Michael Walker,Cardiologist,D008,236-442-0924x076,maldonadojose@example.com,2024-10-18
P0197,Brett Barton,Ophthalmologist,D002,293-693-3695x58547,kbryant@example.org,2017-06-21
P0198,Manuel Daniels,Urologist,D009,408-617-0108,joseph03@example.com,2022-03-08
P0199,Peter Allen,Ophthalmologist,D014,799-746-7519,jesse92@example.org,2018-07-21
P0200,Nicholas Beltran,ENT Specialist,D014,+1-850-705-0733x69116,dawn13@example.org,2025-10-06
P0201,Kelly Smith,Psychiatrist,D014,736.688.1615x51401,anneroach@example.com,2020-06-20
P0202,Cody Harper,Ophthalmologist,D012,+1-921-928-2136x30592,ywebb@example.net,2021-04-15
P0203,Kendra Vazquez,Radiologist,D014,713-496-7396,roachsarah@example.net,2025-03-20
P0204,Kendra Gonzalez,General Physician,D006,+1-681-768-5151x98810,nicole61@example.org,2023-10-14
P0205,Jennifer Smith,Gastroenterologist,D015,001-654-921-0926,kayla60@example.org,2017-08-28
P0206,Ross Hammond,Oncologist,D003,8785794763,timothy81@example.org,2021-11-26
P0207,Terry Harris,Radiologist,D003,336.573.4101,lrice@example.net,2022-07-06
P0208,Robert Campbell,Pediatrician,D015,(331)819-0099x0949,cdominguez@example.org,2021-03-31
P0209,Jeffrey Hernandez,Orthopedic,D008,001-523-870-2504x66667,zwhite@example.com,2018-07-15
P0210,Gabrielle Lopez,Dermatologist,D006,+1-403-799-5271x442,vdickerson@example.com,2019-06-10
P0211,Christina Watkins,Pulmonologist,D015,869.938.3348,kfaulkner@example.net,2020-03-28
P0212,Jasmine Scott,Cardiologist,D009,8437723601,joseph37@example.com,2016-11-25
P0213,Jonathan Lambert,Orthopedic,D016,+1-501-881-8075x1790,tyler83@example.org,2018-04-24
P0214,Anita Mcdonald,ENT Specialist,D009,(461)243-3728,xallen@example.net,2021-05-20
P0215,Dustin Garcia,Radiologist,D005,+1-496-872-6441,craighoward@example.org,2023-04-06
P0216,Maria Clayton,Pediatrician,D003,613.391.3612x99735,stephanie28@example.com,2025-08-09
P0217,Linda Randolph,Ophthalmologist,D008,724-362-4762x9858,ellen98@example.org,2021-07-15
P0218,April Wright,Radiologist,D008,001-621-382-6265x591,sarah71@example.com,2021-07-08
P0219,Jeremy Johnson,Oncologist,D007,332.909.7289x195,andreawagner@example.org,2020-04-25
P0220,Amanda Vasquez,Neurologist,D013,858.535.6672x465,watsonjordan@example.org,2022-10-31
P0221,Joyce Farmer,Ophthalmologist,D007,2562239872,kim27@example.net,2025-07-14
P0222,Kevin Keller,Oncologist,D001,+1-508-880-9135x468,kellyheather@example.net,2025-01-02
P0223,Russell Cruz,Gastroenterologist,D010,+1-678-302-2535x072,kroberson@example.net,2021-02-26
P0224,Stanley Lewis,Oncologist,D005,+1-300-469-4369x772,jody45@example.org,2019-04-03
P0225,Jim Estes,Ophthalmologist,D008,970-240-2556x4192,eduardo79@example.org,2024-01-04
P0226,Ruben Rasmussen,Pediatrician,D008,696-362-6399,hallerica@example.com,2024-06-09
P0227,Jeffrey Johnson,Gastroenterologist,D011,402-921-7539,carrillothomas@example.com,2023-03-31
P0228,Sierra Taylor,Radiologist,D004,001-803-489-2624x88495,tedwards@example.net,2025-08-22
P0229,Dean Miller,Pediatrician,D010,(778)776-2227x81176,williamsmark@example.com,2023-04-04
P0230,Lisa Foster,Psychiatrist,D008,738-865-3886,kaitlyn85@example.net,2022-04-23
P0231,Michael Kelly,Neurologist,D003,+1-978-686-3730x2713,jeremiahreynolds@example.net,2024-11-10
P0232,Jack Brown,General Physician,D005,(670)844-2754,iholland@example.org,2022-02-09
P0233,Michael Wu,Pulmonologist,D009,956-719-9680x49473,owencynthia@example.org,2023-04-25
P0234,Christopher Banks,ENT Specialist,D012,(660)898-2049x35827,djones@example.net,2021-04-09
P0235,Arthur Bryant,General Physician,D005,(430)460-4884,claudia98@example.net,2016-11-02
P0236,Alvin Roth,Pulmonologist,D012,434.814.1730x11192,scottsutton@example.net,2017-12-12
P0237,Daisy Carter,Ophthalmologist,D010,(344)698-8102,kristinaross@example.org,2023-11-27
P0238,Kylie Kelly MD,Psychiatrist,D001,465.576.2232,katherinegonzalez@example.com,2021-03-26
P0239,Kimberly Alvarez,Nephrologist,D003,+1-647-279-8449x25652,brittneysmith@example.org,2019-09-26
P0240,Jonathan Williams,Emergency Physician,D014,+1-358-203-5357x1284,riverawayne@example.com,2022-10-11
P0241,Terry Edwards,Pediatrician,D008,6003197193,watkinscharles@example.org,2020-09-15
P0242,Stephanie Johnson,Nephrologist,D015,(507)351-4854x85695,johnnypitts@example.com,2022-12-07
P0243,Shelby Foster,Oncologist,D002,718.277.6711,kara72@example.net,2020-07-24
P0244,Kelli Hill,Urologist,D002,(397)651-0908,aaron00@example.net,2023-08-25
P0245,Michael Vargas,Radiologist,D011,+1-328-305-4731x345,brittany72@example.org,2017-09-27
P0246,Charles Flowers,Urologist,D015,809.306.2796x482,cory16@example.com,2021-08-01
P0247,Clarence Daniels,Cardiologist,D007,931-496-0223,xmartin@example.org,2019-04-27
P0248,Amber Clay,Pediatrician,D011,429.247.1362,caldwelldiane@example.net,2023-10-12
P0249,Jason Conway,Neurologist,D013,+1-303-935-3450,xwood@example.org,2025-01-06
P0250,Donald Barnes,General Physician,D007,668.376.4460x3169,bishoplauren@example.org,2023-09-30
P0251,Gregg Morton,ENT Specialist,D015,523.939.1702,kreyes@example.org,2021-01-23
P0252,Mary Cruz,Cardiologist,D005,856-822-3940,christine63@example.org,2022-02-01
P0253,Kimberly Singh,General Physician,D011,4035086836,christian47@example.org,2024-06-15
P0254,Kirk Cross,Cardiologist,D007,+1-249-352-1663x953,danielmorales@example.net,2021-09-18
P0255,Todd Carpenter,Nephrologist,D014,+1-277-339-5880,christopher72@example.org,2020-08-06
P0256,Sarah Williams,General Physician,D004,684-816-7821x3505,paulkane@example.com,2018-04-05
P0257,Richard Coleman,Urologist,D004,513.250.3720,ddavis@example.org,2017-01-27
P0258,Elizabeth Thompson,ENT Specialist,D007,+1-222-445-1302,gdelgado@example.com,2022-04-24
P0259,Benjamin Jordan,Dermatologist,D006,875-870-5930,bradleyjamie@example.net,2018-12-06
P0260,Edwin Weiss,Pulmonologist,D009,+1-578-496-9515x74442,danielwright@example.org,2020-06-14
P0261,Ronald Conley DVM,Ophthalmologist,D003,269.251.7448x49481,wfrey@example.org,2017-04-22
P0262,Vanessa Heath,Gastroenterologist,D005,(462)450-6696x6791,hhobbs@example.org,2019-06-29
P0263,Megan White,Orthopedic,D003,4759955882,gregorygrant@example.net,2019-09-30
P0264,Rachel Reynolds,Nephrologist,D009,+1-537-723-7662x58165,christopherwalker@example.net,2025-05-02
P0265,Tanya Hensley,Emergency Physician,D007,001-981-998-1988x9889,ashley02@example.org,2017-03-07
P0266,Michael Soto,Dermatologist,D001,+1-566-460-4532,jmiranda@example.net,2024-03-14
P0267,Jonathan Bishop,Gastroenterologist,D016,+1-604-523-2374x052,sarafloyd@example.org,2019-12-23
P0268,Donna Gross,Gastroenterologist,D012,(778)924-8568x3811,jlamb@example.com,2018-12-03
P0269,Jennifer Thomas,General Physician,D012,3503863526,jamieweber@example.org,2018-05-18
P0270,Robyn Cook,Urologist,D015,830.597.2296x12586,gibbsbrenda@example.com,2018-01-06
P0271,Theresa Green,Radiologist,D008,(729)215-8819x2120,ypalmer@example.com,2020-08-13
P0272,Tina Franklin,Psychiatrist,D016,746-969-0111x86838,rebeccalynn@example.org,2017-09-15
P0273,Mr. Anthony Cannon II,Gastroenterologist,D013,001-284-898-4042x95361,vlong@example.net,2023-10-01
P0274,Kristina Church,General Physician,D011,341.723.6996x832,debbiehorton@example.net,2019-04-30
P0275,Carla Powell,Psychiatrist,D006,306.349.7383x605,jonesronald@example.org,2019-03-09
P0276,Lindsay Jones,Pulmonologist,D012,700.764.3762x595,james41@example.net,2023-06-07
P0277,Robert Williams,Gastroenterologist,D014,250.600.9135,ubeasley@example.org,2018-07-16
P0278,Mark Newman,ENT Specialist,D004,(765)477-5558,stevenphelps@example.net,2021-04-26
P0279,Melinda Ayers,ENT Specialist,D006,360-600-8226,walter62@example.org,2019-11-04
P0280,Michael Hall,Neurologist,D015,(200)519-8280,imcbride@example.org,2023-03-01
P0281,Richard Keith,Nephrologist,D010,001-561-531-9805x87822,colonkaitlyn@example.org,2020-09-30
P0282,Christian Benson,Gastroenterologist,D013,227.253.8281,johnsonerika@example.net,2020-10-12
P0283,Jessica Townsend,Urologist,D006,680-570-6316x79176,bmalone@example.com,2021-06-25
P0284,Andrea Manning,Neurologist,D004,(763)299-3290x191,brownnicholas@example.org,2017-03-02
P0285,David Matthews,Pulmonologist,D004,(925)997-6575x191,esimpson@example.com,2017-06-01
P0286,Mark Nelson,ENT Specialist,D013,813.725.6108,sherry26@example.net,2020-10-05
P0287,Frank Johnson,Radiologist,D004,754.438.5158x764,vanessagreen@example.org,2019-04-23
P0288,Benjamin Scott,ENT Specialist,D012,+1-854-862-3663x534,pam11@example.net,2023-10-31
P0289,Shawn Guerra,Emergency Physician,D013,255.680.2956x17299,mcphersonshelby@example.org,2017-11-04
P0290,Kristen Lawson,Emergency Physician,D006,001-947-293-2506x16941,bellpeggy@example.com,2016-10-19
P0291,Debra Rivera,Neurologist,D015,606.363.7654x50485,hortonchristine@example.net,2023-07-10
P0292,Terrance Wagner,Urologist,D010,3159934954,perezcynthia@example.org,2017-03-10
P0293,Debra Ortega,Pediatrician,D005,579-880-7288x367,hughesdanielle@example.net,2025-08-29
P0294,Sarah Howell,Urologist,D006,+1-582-385-7241,summersjohn@example.net,2020-10-25
P0295,Jeffrey Owen,ENT Specialist,D014,555-662-4366,brandon78@example.org,2017-01-09
P0296,Steven Ramirez,ENT Specialist,D004,001-708-205-7741x4080,jennifergordon@example.net,2025-05-17
P0297,Chad Evans,Ophthalmologist,D010,(270)326-8770,bethany51@example.org,2019-04-01
P0298,Lindsay Jennings,Oncologist,D005,(752)990-2407x86800,nicole82@example.org,2023-06-05
P0299,Brandon Dixon,Urologist,D001,608.459.8907x02000,uelliott@example.net,2023-10-08
P0300,Richard West,Orthopedic,D009,7984663874,brittanysanders@example.net,2023-05-30
